Index,Feature,Importance
20,sum_GSmagmom,0.09771123
1734,SumFeCo,0.062296722
108,max_GSmagmom,0.024139402
1737,SumMnFeCo,0.017547727
21,sum_SpaceGroupNumber,0.013377379
1739,SumMnFeCr,0.012676223
42,avg_GSmagmom,0.011402044
120,min_NdValence,0.011018673
180,jml_C-1,0.010615229
10,sum_NdValence,0.010036072
1479,jml_ddf_48,0.00985346
15,sum_NdUnfilled,0.009428128
647,jml_mean_charge_52,0.008665993
1729,SumMnCr,0.008407229
1384,jml_adf2_132,0.008240386
1211,jml_adf1_138,0.007956124
1258,jml_adf2_6,0.0063747363
9,sum_NpValence,0.0062187687
1415,jml_adf2_163,0.0055414904
594,jml_density,0.005518006
332,jml_mp_mult_voro_coord,0.00543612
4,sum_Column,0.0051570735
142,mode_NdValence,0.0046689888
1169,jml_adf1_96,0.004564802
352,jml_ndvalence,0.0042634546
1728,SumMnFe,0.0038316066
1080,jml_adf1_7,0.0037845867
357,jml_polzbl_divi_voro_coord,0.0037471638
146,mode_NpUnfilled,0.0036454236
12,sum_NValence,0.0036118226
471,jml_hfus_divi_therm_cond,0.0035907726
5,sum_Row,0.0033119635
1721,Mn,0.0032404582
105,max_NUnfilled,0.003164217
1722,Fe,0.00306991
6,sum_CovalentRadius,0.003043405
67,range_MendeleevNumber,0.002977211
1331,jml_adf2_79,0.0028160368
1071,jml_rdf_98,0.002806712
1357,jml_adf2_105,0.002739411
1520,jml_ddf_89,0.0027325784
233,jml_ndunfill,0.0027271586
1386,jml_adf2_134,0.0027125578
48,dev_Column,0.002708854
1075,jml_adf1_2,0.0026801447
1176,jml_adf1_103,0.0026368015
492,jml_bp_divi_voro_coord,0.0026101714
1128,jml_adf1_55,0.0025909485
1429,jml_adf2_177,0.002587319
337,jml_first_ion_en_mult_X,0.0025220437
1356,jml_adf2_104,0.0025110857
1113,jml_adf1_40,0.002504357
478,jml_bp_divi_therm_cond,0.002490969
1427,jml_adf2_175,0.0024502615
134,mode_AtomicWeight,0.0024193714
588,jml_first_ion_en_add_atom_rad,0.002402224
0,sum_Number,0.0023982446
1251,jml_adf1_178,0.0023634124
570,jml_bp_divi_polzbl,0.00232205
8,sum_NsValence,0.002317475
103,max_NdUnfilled,0.0022511743
153,mode_SpaceGroupNumber,0.0022294396
133,mode_MendeleevNumber,0.0022270957
91,max_MeltingT,0.002223038
1544,jml_ddf_113,0.00221777
13,sum_NsUnfilled,0.002182669
1091,jml_adf1_18,0.0021747546
16,sum_NfUnfilled,0.002171682
1533,jml_ddf_102,0.0021667706
147,mode_NdUnfilled,0.0021494885
1261,jml_adf2_9,0.0020833013
17,sum_NUnfilled,0.0020782042
1202,jml_adf1_129,0.0020745168
407,jml_hfus_divi_atom_mass,0.002067827
18,sum_GSvolume_pa,0.002031943
361,jml_min_oxid_s,0.0019860137
369,jml_first_ion_en_mult_voro_coord,0.0019669356
237,jml_jv_enp,0.0019438914
1180,jml_adf1_107,0.001939079
1738,SumMnFeNi,0.0019288228
71,range_Row,0.0018874153
334,jml_mp_add_voro_coord,0.0018820422
501,jml_mol_vol_mult_therm_cond,0.0018784915
1187,jml_adf1_114,0.0018566519
362,jml_elec_aff_mult_atom_rad,0.0018526419
7,sum_Electronegativity,0.0018325894
1253,jml_adf2_1,0.0018288901
1250,jml_adf1_177,0.0018098927
401,jml_X,0.001790222
996,jml_rdf_23,0.0017551928
244,jml_hfus_subs_voro_coord,0.0017527454
1315,jml_adf2_63,0.001745975
1262,jml_adf2_10,0.0017402073
1010,jml_rdf_37,0.0017334011
653,jml_mean_charge_58,0.0017174834
35,avg_NsUnfilled,0.0017150685
1083,jml_adf1_10,0.001698867
1055,jml_rdf_82,0.0016977881
1082,jml_adf1_9,0.0016935003
1395,jml_adf2_143,0.0016672813
54,dev_NdValence,0.0016618377
390,jml_mp_divi_hfus,0.0016600521
1292,jml_adf2_40,0.0016575766
367,jml_mp_mult_X,0.0016457222
1730,SumMnCo,0.0016390601
1361,jml_adf2_109,0.0016305052
593,jml_vpa,0.0016282954
181,jml_C-0,0.0016258637
152,mode_GSmagmom,0.0016253884
1086,jml_adf1_13,0.0016252843
406,jml_atom_rad_divi_polzbl,0.001597249
341,jml_atom_mass_divi_voro_coord,0.0015914375
1,sum_MendeleevNumber,0.0015769189
409,jml_first_ion_en_add_X,0.00156824
1346,jml_adf2_94,0.0015682019
31,avg_NpValence,0.0015595377
1745,SumFeNiCo,0.0015506928
72,range_CovalentRadius,0.0015499033
1015,jml_rdf_42,0.0015449043
1066,jml_rdf_93,0.0015400532
1416,jml_adf2_164,0.0015317977
636,jml_mean_charge_41,0.0015241558
1245,jml_adf1_172,0.0015198891
110,min_Number,0.0015177326
1249,jml_adf1_176,0.0015156412
1716,symbol,0.0015120746
1011,jml_rdf_38,0.0015045729
1225,jml_adf1_152,0.0015039928
92,max_Column,0.0014930677
149,mode_NUnfilled,0.0014877254
49,dev_Row,0.0014786052
526,jml_first_ion_en_subs_X,0.0014637017
295,jml_C-10,0.001461009
429,jml_mol_vol_mult_mp,0.0014599585
480,jml_mp_divi_polzbl,0.0014583948
1188,jml_adf1_115,0.0014427771
1349,jml_adf2_97,0.0014417553
537,jml_elec_aff_add_voro_coord,0.0014388671
1205,jml_adf1_132,0.0014331614
327,jml_e1,0.0014258929
227,jml_first_ion_en_subs_elec_aff,0.0013878489
1660,jml_nn_50,0.0013701904
1694,jml_nn_84,0.0013592596
1651,jml_nn_41,0.0013391648
592,jml_pack_frac,0.0013384183
1736,SumCoNi,0.0013243878
1197,jml_adf1_124,0.0013215943
188,jml_first_ion_en_add_voro_coord,0.0013209392
499,jml_first_ion_en_divi_polzbl,0.0013165075
1410,jml_adf2_158,0.0013057688
1271,jml_adf2_19,0.0013029358
1162,jml_adf1_89,0.0012982567
1000,jml_rdf_27,0.0012962014
162,jml_voro_coord_divi_therm_cond,0.0012790959
1723,Co,0.0012766393
1074,jml_adf1_1,0.0012598052
1181,jml_adf1_108,0.001253802
1149,jml_adf1_76,0.001252602
420,jml_hfus_add_voro_coord,0.0012379207
1483,jml_ddf_52,0.0012345285
265,jml_mp_mult_atom_rad,0.001233653
1672,jml_nn_62,0.0012164997
672,jml_mean_charge_77,0.0012160771
1199,jml_adf1_126,0.0012090721
1676,jml_nn_66,0.001206635
992,jml_rdf_19,0.0011990237
563,jml_first_ion_en_add_elec_aff,0.0011986622
1648,jml_nn_38,0.0011632087
1403,jml_adf2_151,0.0011589056
217,jml_first_ion_en_subs_voro_coord,0.0011544327
1399,jml_adf2_147,0.0011459329
266,jml_polzbl_mult_mp,0.0011415042
50,dev_CovalentRadius,0.0011381039
1646,jml_nn_36,0.0011241364
331,jml_X_add_voro_coord,0.0011205772
386,jml_polzbl_divi_atom_rad,0.0011180734
1743,SumCrFeNi,0.0011155447
351,jml_elec_aff_mult_mp,0.0011032982
1274,jml_adf2_22,0.0011006106
1636,jml_nn_26,0.0010903802
177,jml_C-4,0.0010858563
997,jml_rdf_24,0.0010641648
1119,jml_adf1_46,0.0010525871
23,avg_MendeleevNumber,0.0010481708
1711,volume,0.0010477962
564,jml_first_ion_en_add_mol_vol,0.0010439729
1683,jml_nn_73,0.0010399743
128,min_GSvolume_pa,0.0010379709
169,jml_mp_divi_therm_cond,0.001026074
1380,jml_adf2_128,0.0010214684
1666,jml_nn_56,0.0010213399
1338,jml_adf2_86,0.0010202914
1104,jml_adf1_31,0.0010199868
1366,jml_adf2_114,0.0010166735
1663,jml_nn_53,0.0010147288
1742,SumCrMnNi,0.0010119092
1033,jml_rdf_60,0.0009942563
1687,jml_nn_77,0.0009929205
11,sum_NfValence,0.0009919895
1238,jml_adf1_165,0.000986025
312,jml_X_subs_first_ion_en,0.000980888
1732,SumFeNi,0.0009797103
205,jml_npvalence,0.0009786484
1473,jml_ddf_42,0.0009765988
41,avg_GSbandgap,0.00097402907
1079,jml_adf1_6,0.0009730377
76,range_NdValence,0.00097061857
1740,SumCrMnCo,0.00096477807
1731,SumMnNi,0.00096470193
189,jml_first_ion_en_divi_atom_mass,0.0009640166
648,jml_mean_charge_53,0.00094823836
345,jml_atom_rad_divi_therm_cond,0.0009468761
84,range_GSvolume_pa,0.0009368066
1293,jml_adf2_41,0.00093602587
87,range_SpaceGroupNumber,0.0009314338
81,range_NdUnfilled,0.0009280356
53,dev_NpValence,0.000908891
1267,jml_adf2_15,0.00090757554
482,jml_voro_coord_divi_atom_rad,0.0009065671
1641,jml_nn_31,0.00090276863
1098,jml_adf1_25,0.00090036035
1294,jml_adf2_42,0.00089683395
1542,jml_ddf_111,0.00088755984
1413,jml_adf2_161,0.00088754296
1607,jml_ddf_176,0.0008779885
1439,jml_ddf_8,0.00087762286
1004,jml_rdf_31,0.00087622687
249,jml_therm_cond_subs_first_ion_en,0.0008759774
530,jml_block,0.0008733584
1671,jml_nn_61,0.0008723475
1389,jml_adf2_137,0.00085956784
1252,jml_adf1_179,0.00085855246
1022,jml_rdf_49,0.00085617724
1633,jml_nn_23,0.0008525544
627,jml_mean_charge_32,0.00084554445
95,max_Electronegativity,0.00084337656
320,jml_polzbl_add_therm_cond,0.00084300723
1350,jml_adf2_98,0.00084195996
1105,jml_adf1_32,0.000835981
1507,jml_ddf_76,0.00083473435
531,jml_atom_rad_subs_voro_coord,0.00082976976
116,min_CovalentRadius,0.00082715467
201,jml_mp_divi_voro_coord,0.0008267405
144,mode_NValence,0.0008215461
544,jml_first_ion_en_divi_atom_rad,0.00082105683
136,mode_Column,0.0008209728
1629,jml_nn_19,0.0008173783
1008,jml_rdf_35,0.0008144121
280,jml_hfus_mult_voro_coord,0.00081325823
125,min_NdUnfilled,0.000811897
3,sum_MeltingT,0.00081024924
1450,jml_ddf_19,0.0008081209
1112,jml_adf1_39,0.0008007798
1712,nelements,0.0007992507
1077,jml_adf1_4,0.0007985866
43,avg_SpaceGroupNumber,0.0007977703
511,jml_elec_aff_mult_bp,0.0007958845
1336,jml_adf2_84,0.00079366105
185,jml_therm_cond_subs_mol_vol,0.00078373327
1725,3d_frac,0.0007830214
213,jml_polzbl_mult_X,0.0007722503
556,jml_npunfill,0.00076692103
245,jml_voro_coord_divi_mol_vol,0.00076559675
990,jml_rdf_17,0.0007647792
39,avg_NUnfilled,0.0007619119
667,jml_mean_charge_72,0.0007582709
413,jml_bp_mult_voro_coord,0.0007573692
1102,jml_adf1_29,0.00075493695
336,jml_bp_divi_atom_mass,0.000754155
1340,jml_adf2_88,0.00075231085
395,jml_voro_coord_subs_X,0.0007454714
1061,jml_rdf_88,0.00074349775
1625,jml_nn_15,0.000742727
595,jml_log_vpa,0.00074199366
191,jml_me1,0.0007389799
502,jml_bp_mult_therm_cond,0.0007344903
1302,jml_adf2_50,0.0007286702
73,range_Electronegativity,0.00072804774
1272,jml_adf2_20,0.00072491926
1708,jml_nn_98,0.0007203256
453,jml_first_ion_en_mult_elec_aff,0.0007195945
1458,jml_ddf_27,0.00071846787
1040,jml_rdf_67,0.0007093496
132,mode_Number,0.000706882
59,dev_NdUnfilled,0.00070338644
535,jml_mol_vol_divi_bp,0.00069980056
1634,jml_nn_24,0.0006995287
577,jml_mp_divi_first_ion_en,0.00069524156
37,avg_NdUnfilled,0.00069287326
218,jml_first_ion_en_subs_polzbl,0.0006911211
509,jml_polzbl_mult_mol_vol,0.0006871484
340,jml_mol_vol_divi_voro_coord,0.00068392535
1275,jml_adf2_23,0.0006804832
1058,jml_rdf_85,0.0006776007
1146,jml_adf1_73,0.00067312387
1161,jml_adf1_88,0.00067246397
203,jml_mp_divi_atom_mass,0.00067221693
45,dev_MendeleevNumber,0.00067024905
1538,jml_ddf_107,0.0006693446
1327,jml_adf2_75,0.00066858315
1688,jml_nn_78,0.00066607044
1142,jml_adf1_69,0.00066442817
1713,nsites,0.000658485
1678,jml_nn_68,0.00065720605
1677,jml_nn_67,0.00065308367
459,jml_bp_add_mp,0.00064967637
138,mode_CovalentRadius,0.0006462437
1652,jml_nn_42,0.0006353301
1037,jml_rdf_64,0.00062814064
194,jml_elec_aff_mult_atom_mass,0.00062618905
1045,jml_rdf_72,0.0006253367
354,jml_mp_divi_mol_vol,0.0006226185
1519,jml_ddf_88,0.00061774655
1466,jml_ddf_35,0.00061528746
527,jml_is_transition_metal,0.0006059398
552,jml_Z,0.00060366833
1589,jml_ddf_158,0.0006029001
1174,jml_adf1_101,0.00060237804
1134,jml_adf1_61,0.0006014535
25,avg_MeltingT,0.0006000802
515,jml_polzbl_divi_therm_cond,0.000597364
1578,jml_ddf_147,0.00059683935
299,jml_C-14,0.00059632084
307,jml_mp_add_atom_mass,0.0005958224
1430,jml_adf2_178,0.00059215364
655,jml_mean_charge_60,0.0005911372
1579,jml_ddf_148,0.0005898757
1438,jml_ddf_7,0.00058720127
223,jml_bp_subs_mp,0.00058708055
446,jml_bp_divi_mol_vol,0.0005843735
1137,jml_adf1_64,0.00058175006
52,dev_NsValence,0.00058155006
1088,jml_adf1_15,0.0005815462
1072,jml_rdf_99,0.0005790194
1213,jml_adf1_140,0.00057898543
1078,jml_adf1_5,0.0005783918
1374,jml_adf2_122,0.0005737557
601,jml_mean_charge_6,0.0005734907
516,jml_polzbl_mult_voro_coord,0.00057241856
1244,jml_adf1_171,0.00057240337
339,jml_voro_coord_divi_bp,0.00057166326
923,jml_mean_charge_328,0.0005712023
763,jml_mean_charge_168,0.000570264
1073,jml_rdf_100,0.0005701364
1474,jml_ddf_43,0.0005647292
518,jml_therm_cond_mult_voro_coord,0.00056356017
1121,jml_adf1_48,0.0005603458
1637,jml_nn_27,0.0005602184
1024,jml_rdf_51,0.0005586857
164,jml_polzbl_mult_atom_rad,0.0005580991
193,jml_me2,0.0005560801
1511,jml_ddf_80,0.00055492955
1108,jml_adf1_35,0.0005547251
895,jml_mean_charge_300,0.0005547169
1212,jml_adf1_139,0.0005544451
198,jml_atom_rad_divi_voro_coord,0.00055159914
476,jml_polzbl_divi_atom_mass,0.00055020687
1556,jml_ddf_125,0.0005492961
293,jml_C-12,0.00054842676
1051,jml_rdf_78,0.0005450479
61,dev_NUnfilled,0.0005399346
1311,jml_adf2_59,0.0005390471
1695,jml_nn_85,0.0005369471
222,jml_bp_mult_atom_mass,0.00053656177
1305,jml_adf2_53,0.00053501345
258,jml_oq_bg,0.0005328616
236,jml_mol_vol_subs_voro_coord,0.0005316141
1041,jml_rdf_68,0.0005298679
498,jml_coulmn,0.0005292633
1125,jml_adf1_52,0.00052686624
1039,jml_rdf_66,0.00052505557
1120,jml_adf1_47,0.0005241862
1030,jml_rdf_57,0.00052404194
117,min_Electronegativity,0.0005221619
571,jml_X_subs_hfus,0.00051746395
273,jml_first_ion_en_divi_voro_coord,0.00051726913
1296,jml_adf2_44,0.00051614176
1307,jml_adf2_55,0.00051404716
1490,jml_ddf_59,0.00051072566
1322,jml_adf2_70,0.0005090011
1193,jml_adf1_120,0.0005054441
1014,jml_rdf_41,0.0005049607
197,jml_atom_rad_divi_atom_mass,0.00050206797
257,jml_mol_vol_subs_first_ion_en,0.00050010934
1017,jml_rdf_44,0.0004982731
175,jml_C-6,0.00049634086
1282,jml_adf2_30,0.0004942444
29,avg_Electronegativity,0.00049398956
1348,jml_adf2_96,0.00049105275
394,jml_mol_vol_divi_therm_cond,0.0004904916
444,jml_mol_vol_add_voro_coord,0.00048535957
462,jml_elec_aff_add_atom_rad,0.00048517462
255,jml_hfus_divi_bp,0.00048436032
803,jml_mean_charge_208,0.0004802053
416,jml_voro_coord_divi_polzbl,0.00048015988
111,min_MendeleevNumber,0.00047900566
581,jml_atom_mass_add_X,0.00047708277
1227,jml_adf1_154,0.00047551005
1093,jml_adf1_20,0.000474228
494,jml_hfus_divi_first_ion_en,0.0004734596
171,jml_mol_vol_add_bp,0.0004701025
1220,jml_adf1_147,0.00046948454
632,jml_mean_charge_37,0.00046905255
1715,number,0.0004653038
1689,jml_nn_79,0.00046382353
80,range_NpUnfilled,0.0004621922
1287,jml_adf2_35,0.0004614879
1351,jml_adf2_99,0.00046004137
1341,jml_adf2_89,0.00045826507
262,jml_atom_rad,0.00045744004
1627,jml_nn_17,0.00045723462
1026,jml_rdf_53,0.00045710235
1654,jml_nn_44,0.0004569429
1424,jml_adf2_172,0.00045598342
1166,jml_adf1_93,0.00045450695
1642,jml_nn_32,0.00045422732
1076,jml_adf1_3,0.00045163278
1002,jml_rdf_29,0.00044928197
1733,SumFeCr,0.00044907385
1085,jml_adf1_12,0.00044685355
1720,Cr,0.00044503246
1368,jml_adf2_116,0.00043994543
66,range_Number,0.00043874673
338,jml_hfus_mult_mol_vol,0.00043802723
510,jml_polzbl_add_atom_mass,0.00043681855
640,jml_mean_charge_45,0.0004361789
1130,jml_adf1_57,0.00043492878
1106,jml_adf1_33,0.00043454042
183,jml_hfus_add_elec_aff,0.0004345183
209,jml_hfus_add_atom_rad,0.00043317856
506,jml_atom_mass_divi_first_ion_en,0.00043253577
282,jml_elec_aff_mult_therm_cond,0.00043137433
1299,jml_adf2_47,0.00043036236
1300,jml_adf2_48,0.00042987303
33,avg_NfValence,0.00042975284
370,jml_elec_aff_subs_voro_coord,0.0004295169
448,jml_atom_mass_mult_voro_coord,0.00042918383
170,jml_elec_aff_add_X,0.00042888807
591,jml_first_ion_en_mult_therm_cond,0.00042832785
1167,jml_adf1_94,0.00042751594
288,jml_mol_vol_divi_atom_rad,0.00042750168
145,mode_NsUnfilled,0.00042659967
1460,jml_ddf_29,0.00042608246
166,jml_GV,0.00042529005
148,mode_NfUnfilled,0.00042332982
2,sum_AtomicWeight,0.00042270563
63,dev_GSbandgap,0.00042155263
398,jml_therm_cond_subs_atom_mass,0.0004211862
231,jml_polzbl_divi_mp,0.00042014202
1035,jml_rdf_62,0.0004194625
1323,jml_adf2_71,0.00041915372
1126,jml_adf1_53,0.00041894338
456,jml_mol_vol_subs_hfus,0.0004189343
325,jml_polzbl_mult_therm_cond,0.00041856553
1387,jml_adf2_135,0.00041789227
1065,jml_rdf_92,0.0004178021
94,max_CovalentRadius,0.0004155361
1184,jml_adf1_111,0.00041509568
314,jml_atom_rad_mult_voro_coord,0.00041436192
1431,jml_adf2_179,0.00041366907
615,jml_mean_charge_20,0.00041307855
1503,jml_ddf_72,0.00041301147
1268,jml_adf2_16,0.00041118203
321,jml_hfus_subs_atom_rad,0.000410772
1421,jml_adf2_169,0.0004079517
1159,jml_adf1_86,0.00040776146
1309,jml_adf2_57,0.00040742647
1653,jml_nn_43,0.00040556438
428,jml_therm_cond_divi_polzbl,0.00040530742
1635,jml_nn_25,0.00040471187
36,avg_NpUnfilled,0.00040413943
722,jml_mean_charge_127,0.0004036789
1665,jml_nn_55,0.00040174206
553,jml_polzbl_subs_hfus,0.00040154476
1598,jml_ddf_167,0.0004006547
1019,jml_rdf_46,0.0003986783
64,dev_GSmagmom,0.00039737625
543,jml_mp_divi_bp,0.00039325358
1645,jml_nn_35,0.00039212097
1619,jml_nn_9,0.0003907642
438,jml_hfus_mult_polzbl,0.00038791445
304,jml_X_subs_atom_rad,0.00038681005
645,jml_mean_charge_50,0.0003864478
550,jml_hfus_mult_bp,0.00038525928
1724,Ni,0.00038383616
1013,jml_rdf_40,0.00038334832
1434,jml_ddf_3,0.0003830521
1063,jml_rdf_90,0.00038193527
576,jml_mol_vol_divi_first_ion_en,0.00038122956
660,jml_mean_charge_65,0.0003805329
427,jml_C-21,0.00037986977
306,jml_voro_coord,0.00037985155
894,jml_mean_charge_299,0.0003776914
1501,jml_ddf_70,0.00037745168
1513,jml_ddf_82,0.00037729685
200,jml_polzbl_mult_first_ion_en,0.00037703713
238,jml_polzbl_mult_atom_mass,0.00037585522
1284,jml_adf2_32,0.00037585228
466,jml_voro_coord_divi_first_ion_en,0.00037433204
1116,jml_adf1_43,0.00037295153
969,jml_mean_charge_374,0.00037283666
1718,transition metal fraction,0.0003721028
1362,jml_adf2_110,0.000371818
247,jml_mp_mult_atom_mass,0.0003716451
392,jml_bp_mult_mp,0.0003708685
1353,jml_adf2_101,0.00036940418
600,jml_mean_charge_5,0.00036882612
1343,jml_adf2_91,0.0003687516
225,jml_therm_cond_subs_hfus,0.00036814448
1288,jml_adf2_36,0.00036594525
491,jml_therm_cond_divi_atom_mass,0.00036378662
1127,jml_adf1_54,0.0003619277
1385,jml_adf2_133,0.00035919633
1190,jml_adf1_117,0.00035880596
1354,jml_adf2_102,0.00035831443
1531,jml_ddf_100,0.00035710735
1644,jml_nn_34,0.00035617416
1001,jml_rdf_28,0.00035593272
1420,jml_adf2_168,0.00035271738
56,dev_NValence,0.000352038
360,jml_KV,0.0003512952
1054,jml_rdf_81,0.00034853298
241,jml_mol_vol_mult_bp,0.00034803746
548,jml_mol_vol_mult_atom_rad,0.00034689502
1485,jml_ddf_54,0.00034234038
1576,jml_ddf_145,0.0003423199
1710,jml_nn_100,0.00034215342
1110,jml_adf1_37,0.0003416555
83,range_NUnfilled,0.00034119928
1342,jml_adf2_90,0.00033881076
1690,jml_nn_80,0.00033877775
1465,jml_ddf_34,0.00033810546
572,jml_atom_rad_mult_therm_cond,0.00033796395
28,avg_CovalentRadius,0.00033639444
1028,jml_rdf_55,0.0003359082
1632,jml_nn_22,0.00033587348
1586,jml_ddf_155,0.0003358201
192,jml_me3,0.00033545351
1328,jml_adf2_76,0.0003351042
317,jml_voro_coord_subs_polzbl,0.00033418866
1007,jml_rdf_34,0.00033407004
925,jml_mean_charge_330,0.0003336204
271,jml_polzbl_divi_hfus,0.0003319718
267,jml_first_ion_en_divi_bp,0.00033178707
793,jml_mean_charge_198,0.00033159542
654,jml_mean_charge_59,0.0003298202
1089,jml_adf1_16,0.0003295063
408,jml_mp_mult_therm_cond,0.00032817904
174,jml_C-7,0.00032798032
1257,jml_adf2_5,0.00032754356
1735,SumCrNi,0.00032747988
19,sum_GSbandgap,0.00032585236
14,sum_NpUnfilled,0.0003256131
47,dev_MeltingT,0.00032436076
998,jml_rdf_25,0.00032386873
1228,jml_adf1_155,0.00032213802
1155,jml_adf1_82,0.00032133344
230,jml_first_ion_en_divi_mol_vol,0.00032087523
649,jml_mean_charge_54,0.00031793356
412,jml_therm_cond_divi_first_ion_en,0.00031701635
1107,jml_adf1_34,0.00031627575
1133,jml_adf1_60,0.00031532522
26,avg_Column,0.0003144654
1522,jml_ddf_91,0.00031336874
1639,jml_nn_29,0.00031274947
679,jml_mean_charge_84,0.00031077507
156,jml_elec_aff_mult_voro_coord,0.00031062742
605,jml_mean_charge_10,0.00031014945
439,jml_bp_divi_hfus,0.00030952672
374,jml_atom_rad_subs_first_ion_en,0.00030808354
1236,jml_adf1_163,0.00030733878
551,jml_voro_coord_subs_first_ion_en,0.0003069108
256,jml_mol_vol_subs_therm_cond,0.00030645533
1373,jml_adf2_121,0.00030578242
214,jml_first_ion_en,0.00030534135
58,dev_NpUnfilled,0.0003051264
1131,jml_adf1_58,0.00030314198
163,jml_voro_coord_subs_mp,0.00030308403
1216,jml_adf1_143,0.00030251936
629,jml_mean_charge_34,0.00030236386
1145,jml_adf1_72,0.00030201167
1156,jml_adf1_83,0.00030134982
322,jml_first_ion_en_divi_therm_cond,0.000301169
69,range_MeltingT,0.0003003418
350,jml_polzbl_divi_bp,0.00030004664
901,jml_mean_charge_306,0.00029983092
436,jml_atom_rad_divi_mp,0.00029974635
461,jml_voro_coord_subs_elec_aff,0.00029876595
1657,jml_nn_47,0.00029834022
1222,jml_adf1_149,0.00029657368
1046,jml_rdf_73,0.0002962485
1440,jml_ddf_9,0.00029569463
1640,jml_nn_30,0.0002952222
1667,jml_nn_57,0.00029463542
1248,jml_adf1_175,0.00029430233
410,jml_polzbl_add_voro_coord,0.00029426793
1232,jml_adf1_159,0.00029312988
1165,jml_adf1_92,0.00029309257
1281,jml_adf2_29,0.00029189035
38,avg_NfUnfilled,0.00029129788
1402,jml_adf2_150,0.0002909337
1686,jml_nn_76,0.00028831084
1308,jml_adf2_56,0.0002860889
1266,jml_adf2_14,0.0002853217
538,jml_voro_coord_divi_hfus,0.00028476526
235,jml_atom_mass_subs_mp,0.0002845014
477,jml_atom_rad_subs_elec_aff,0.0002841034
995,jml_rdf_22,0.00028359875
504,jml_mol_vol_mult_voro_coord,0.00028335454
1034,jml_rdf_61,0.00028326674
460,jml_polzbl_divi_mol_vol,0.00028267098
1679,jml_nn_69,0.00028123587
578,jml_voro_coord_subs_mol_vol,0.00028096797
1392,jml_adf2_140,0.00028037588
1207,jml_adf1_134,0.0002797607
475,jml_elec_aff_subs_polzbl,0.00027951668
51,dev_Electronegativity,0.00027903714
1043,jml_rdf_70,0.00027886013
933,jml_mean_charge_338,0.0002788275
368,jml_atom_mass_mult_atom_rad,0.00027799225
65,dev_SpaceGroupNumber,0.0002779738
579,jml_elec_aff_add_mol_vol,0.0002765234
1044,jml_rdf_71,0.00027556394
1280,jml_adf2_28,0.0002751556
999,jml_rdf_26,0.0002745011
622,jml_mean_charge_27,0.00027447028
566,jml_polzbl_mult_elec_aff,0.00027351052
22,avg_Number,0.0002733802
1697,jml_nn_87,0.00027318907
1247,jml_adf1_174,0.00027306678
624,jml_mean_charge_29,0.00027236366
642,jml_mean_charge_47,0.00027234436
324,jml_mol_vol_subs_bp,0.00027217588
1218,jml_adf1_145,0.00027036728
346,jml_atom_mass_divi_polzbl,0.0002698962
1050,jml_rdf_77,0.00026972548
727,jml_mean_charge_132,0.00026811316
300,jml_hfus_divi_voro_coord,0.0002679697
179,jml_C-2,0.00026789476
1659,jml_nn_49,0.0002664057
495,jml_X_mult_voro_coord,0.00026638337
1049,jml_rdf_76,0.0002662676
1649,jml_nn_39,0.00026547507
558,jml_voro_coord_divi_mp,0.00026466965
673,jml_mean_charge_78,0.00026426412
1355,jml_adf2_103,0.0002642199
1240,jml_adf1_167,0.00026388615
246,jml_hfus_mult_first_ion_en,0.0002630309
542,jml_therm_cond_divi_bp,0.0002629129
1333,jml_adf2_81,0.00026202458
1575,jml_ddf_144,0.00026109786
184,jml_elec_aff_subs_first_ion_en,0.00026042663
1241,jml_adf1_168,0.00025976074
1269,jml_adf2_17,0.00025950922
489,jml_atom_rad_subs_hfus,0.00025906565
464,jml_hfus_mult_X,0.00025889682
991,jml_rdf_18,0.0002587511
190,jml_atom_rad_subs_polzbl,0.0002585087
1664,jml_nn_54,0.00025816404
68,range_AtomicWeight,0.00025710688
253,jml_atom_rad_mult_X,0.00025692364
1242,jml_adf1_169,0.00025668062
1552,jml_ddf_121,0.0002562642
547,jml_atom_rad_add_voro_coord,0.00025369934
1426,jml_adf2_174,0.0002534928
86,range_GSmagmom,0.00025295734
1423,jml_adf2_171,0.00025264206
1115,jml_adf1_42,0.00025189936
1006,jml_rdf_33,0.00025148652
1038,jml_rdf_65,0.00025047877
221,jml_first_ion_en_mult_mp,0.0002488469
1444,jml_ddf_13,0.0002485954
1023,jml_rdf_50,0.00024776702
1062,jml_rdf_89,0.00024715948
1221,jml_adf1_148,0.0002470504
1680,jml_nn_70,0.00024689673
1382,jml_adf2_130,0.0002460925
1254,jml_adf2_2,0.00024591148
659,jml_mean_charge_64,0.00024588176
432,jml_first_ion_en_add_therm_cond,0.00024469613
150,mode_GSvolume_pa,0.00024372265
876,jml_mean_charge_281,0.00024310415
1675,jml_nn_65,0.00024207275
270,jml_bp_add_atom_mass,0.00024207089
686,jml_mean_charge_91,0.0002419882
228,jml_atom_mass_add_therm_cond,0.00024197005
400,jml_atom_mass_subs_mol_vol,0.0002415025
1445,jml_ddf_14,0.00024137805
472,jml_therm_cond_divi_mol_vol,0.00024124536
771,jml_mean_charge_176,0.0002412166
1335,jml_adf2_83,0.00024046357
1482,jml_ddf_51,0.00024007469
1020,jml_rdf_47,0.00023970428
512,jml_voro_coord_subs_atom_rad,0.00023960983
618,jml_mean_charge_23,0.0002389299
497,jml_polzbl_subs_voro_coord,0.00023800855
612,jml_mean_charge_17,0.0002374375
541,jml_X_subs_voro_coord,0.00023711086
157,jml_mol_vol_subs_atom_mass,0.0002367446
1537,jml_ddf_106,0.00023673344
680,jml_mean_charge_85,0.00023541795
1060,jml_rdf_87,0.00023420861
1068,jml_rdf_95,0.00023346467
1223,jml_adf1_150,0.00023249509
1312,jml_adf2_60,0.0002309035
602,jml_mean_charge_7,0.00023072063
1521,jml_ddf_90,0.00023043343
1144,jml_adf1_71,0.00023036514
1122,jml_adf1_49,0.00023016139
243,jml_nfvalence,0.00023015896
1259,jml_adf2_7,0.00022888018
583,jml_mol_vol_divi_atom_mass,0.0002287464
1388,jml_adf2_136,0.00022856788
173,jml_C-8,0.00022854703
329,jml_e2,0.00022854096
1170,jml_adf1_97,0.00022853607
604,jml_mean_charge_9,0.00022826425
1230,jml_adf1_157,0.00022805942
481,jml_elec_aff_subs_atom_rad,0.00022773315
292,jml_C-13,0.00022713409
1177,jml_adf1_104,0.00022638381
1628,jml_nn_18,0.00022603983
1406,jml_adf2_154,0.00022590726
584,jml_polzbl_subs_mol_vol,0.00022583449
452,jml_polzbl_mult_bp,0.00022537427
1154,jml_adf1_81,0.00022517888
1215,jml_adf1_142,0.00022514476
263,jml_bp_subs_elec_aff,0.00022498368
1525,jml_ddf_94,0.00022490733
1009,jml_rdf_36,0.00022451293
1183,jml_adf1_110,0.00022413296
1643,jml_nn_33,0.000223793
1178,jml_adf1_105,0.00022316995
1495,jml_ddf_64,0.00022289898
1383,jml_adf2_131,0.00022263978
1601,jml_ddf_170,0.00022215724
1059,jml_rdf_86,0.00022133102
1487,jml_ddf_56,0.00022125395
32,avg_NdValence,0.00022013333
1021,jml_rdf_48,0.00021895551
46,dev_AtomicWeight,0.00021889566
1203,jml_adf1_130,0.00021803034
330,jml_atom_rad_subs_X,0.00021739624
1303,jml_adf2_51,0.00021698372
1591,jml_ddf_160,0.00021672511
44,dev_Number,0.0002165991
1150,jml_adf1_77,0.00021641247
70,range_Column,0.00021576684
1528,jml_ddf_97,0.00021513952
161,jml_mol_vol_mult_atom_mass,0.00021496194
1031,jml_rdf_58,0.00021462247
1390,jml_adf2_138,0.00021402512
1092,jml_adf1_19,0.00021395054
1147,jml_adf1_74,0.00021364675
1571,jml_ddf_140,0.00021359033
1477,jml_ddf_46,0.00021307998
688,jml_mean_charge_93,0.00021248855
1291,jml_adf2_39,0.00021194606
1153,jml_adf1_80,0.00021172831
1638,jml_nn_28,0.00021155775
1217,jml_adf1_144,0.00021123503
560,jml_oq_enp,0.0002110169
88,max_Number,0.00021069759
1631,jml_nn_21,0.00021014456
1123,jml_adf1_50,0.00020964505
1741,SumCrFeCo,0.00020953082
1095,jml_adf1_22,0.00020941519
1409,jml_adf2_157,0.00020904036
1118,jml_adf1_45,0.00020863365
565,jml_hfus_mult_elec_aff,0.00020857088
182,jml_mp_subs_elec_aff,0.0002083862
1016,jml_rdf_43,0.00020820383
385,jml_mp_subs_therm_cond,0.00020759794
569,jml_therm_cond_subs_bp,0.00020756322
1109,jml_adf1_36,0.00020672478
1114,jml_adf1_41,0.00020659015
259,jml_therm_cond_mult_X,0.00020568309
210,jml_atom_mass_add_voro_coord,0.00020539488
411,jml_mol_vol_subs_polzbl,0.00020484962
657,jml_mean_charge_62,0.00020437723
500,jml_first_ion_en_mult_atom_mass,0.00020414393
1705,jml_nn_95,0.00020363362
206,jml_mol_vol_subs_atom_rad,0.0002033015
290,jml_atom_rad_divi_mol_vol,0.00020243193
1124,jml_adf1_51,0.00020184829
30,avg_NsValence,0.00020152579
1018,jml_rdf_45,0.00020107537
1143,jml_adf1_70,0.00020027209
328,jml_e3,0.00020019032
106,max_GSvolume_pa,0.00020015471
199,jml_max_oxid_s,0.00019983837
165,jml_elec_aff_mult_X,0.0001997163
109,max_SpaceGroupNumber,0.0001996682
1405,jml_adf2_153,0.00019940302
1140,jml_adf1_67,0.00019815823
1447,jml_ddf_16,0.00019812766
1681,jml_nn_71,0.00019799136
590,jml_hfus,0.000197672
89,max_MendeleevNumber,0.00019750766
463,jml_mol_vol_add_atom_rad,0.00019683778
617,jml_mean_charge_22,0.00019680154
1067,jml_rdf_94,0.00019672113
777,jml_mean_charge_182,0.00019655883
1233,jml_adf1_160,0.00019593145
1246,jml_adf1_173,0.0001957424
1422,jml_adf2_170,0.00019447927
1192,jml_adf1_119,0.00019439695
1042,jml_rdf_69,0.00019372039
818,jml_mean_charge_223,0.00019367086
1418,jml_adf2_166,0.00019341482
1032,jml_rdf_59,0.00019266701
1237,jml_adf1_164,0.00019241689
60,dev_NfUnfilled,0.00019197424
1036,jml_rdf_63,0.00019168884
665,jml_mean_charge_70,0.00019040063
1345,jml_adf2_93,0.00019007655
983,jml_rdf_10,0.00018954392
40,avg_GSvolume_pa,0.00018893868
220,jml_first_ion_en_mult_mol_vol,0.00018864674
1685,jml_nn_75,0.00018856506
215,jml_bp_add_X,0.00018835538
344,jml_atom_mass_subs_therm_cond,0.00018828898
1655,jml_nn_45,0.0001882187
1171,jml_adf1_98,0.00018813643
1691,jml_nn_81,0.00018806575
335,jml_therm_cond_divi_hfus,0.00018756991
1096,jml_adf1_23,0.00018745362
1668,jml_nn_58,0.00018736294
1480,jml_ddf_49,0.00018726209
1064,jml_rdf_91,0.00018697871
1359,jml_adf2_107,0.00018687615
1417,jml_adf2_165,0.00018353711
348,jml_voro_coord_subs_hfus,0.00018276284
1532,jml_ddf_101,0.00018239512
1231,jml_adf1_158,0.00018220808
1117,jml_adf1_44,0.00018210355
359,jml_polzbl_subs_therm_cond,0.00018192758
404,jml_first_ion_en_divi_mp,0.00018185042
1132,jml_adf1_59,0.0001810898
229,jml_atom_mass_divi_therm_cond,0.00018066385
1358,jml_adf2_106,0.00017990562
668,jml_mean_charge_73,0.00017959609
1148,jml_adf1_75,0.00017932299
445,jml_avg_ion_rad,0.00017915414
735,jml_mean_charge_140,0.00017818266
90,max_AtomicWeight,0.0001769883
1214,jml_adf1_141,0.00017698793
137,mode_Row,0.00017682558
316,jml_atom_mass_divi_mp,0.0001767978
154,jml_bp_mult_atom_rad,0.00017662636
628,jml_mean_charge_33,0.00017594878
1493,jml_ddf_62,0.00017591305
1164,jml_adf1_91,0.00017562276
1158,jml_adf1_85,0.00017525743
1087,jml_adf1_14,0.00017522393
671,jml_mean_charge_76,0.00017511073
382,jml_bp_divi_atom_rad,0.00017509925
1027,jml_rdf_54,0.00017438378
1173,jml_adf1_100,0.00017383503
1393,jml_adf2_141,0.00017382299
1605,jml_ddf_174,0.00017372746
1476,jml_ddf_45,0.00017359335
1100,jml_adf1_27,0.00017320542
1185,jml_adf1_112,0.00017279587
1656,jml_nn_46,0.00017270632
986,jml_rdf_13,0.0001726638
549,jml_first_ion_en_mult_atom_rad,0.00017262003
723,jml_mean_charge_128,0.00017233782
1129,jml_adf1_56,0.00017215895
127,min_NUnfilled,0.00017192881
479,jml_atom_mass_mult_X,0.00017158221
1428,jml_adf2_176,0.00017150836
1451,jml_ddf_20,0.00017121928
57,dev_NsUnfilled,0.00017120992
1661,jml_nn_51,0.00017120752
1182,jml_adf1_109,0.00017035892
1574,jml_ddf_143,0.00017027695
1047,jml_rdf_74,0.00016960762
1163,jml_adf1_90,0.00016887682
264,jml_polzbl_divi_first_ion_en,0.0001688677
1226,jml_adf1_153,0.00016860187
1600,jml_ddf_169,0.00016773187
1295,jml_adf2_43,0.00016755065
1536,jml_ddf_105,0.00016688478
1432,jml_ddf_1,0.00016669284
1595,jml_ddf_164,0.0001665886
1704,jml_nn_94,0.00016423328
1700,jml_nn_90,0.00016420793
1090,jml_adf1_17,0.00016389304
714,jml_mean_charge_119,0.00016370504
1172,jml_adf1_99,0.00016351396
375,jml_hfus_divi_mp,0.00016334394
1698,jml_nn_88,0.00016296931
662,jml_mean_charge_67,0.00016269044
573,jml_therm_cond_add_voro_coord,0.00016239675
610,jml_mean_charge_15,0.00016096086
993,jml_rdf_20,0.00016093008
1530,jml_ddf_99,0.00016013173
1412,jml_adf2_160,0.00015954263
1329,jml_adf2_77,0.00015943636
1186,jml_adf1_113,0.00015901499
196,jml_therm_cond_subs_elec_aff,0.00015886995
524,jml_C-35,0.00015862899
1198,jml_adf1_125,0.00015859127
677,jml_mean_charge_82,0.00015822415
1662,jml_nn_52,0.00015784753
451,jml_polzbl_add_first_ion_en,0.00015775474
718,jml_mean_charge_123,0.0001575495
1057,jml_rdf_84,0.00015712484
470,jml_hfus_mult_therm_cond,0.00015709337
1585,jml_ddf_154,0.00015681879
1136,jml_adf1_63,0.0001567322
1224,jml_adf1_151,0.00015621829
830,jml_mean_charge_235,0.00015608012
1565,jml_ddf_134,0.00015598693
562,jml_atom_mass_subs_bp,0.0001548106
1025,jml_rdf_52,0.00015400865
34,avg_NValence,0.00015373697
457,jml_atom_mass_divi_bp,0.00015314006
609,jml_mean_charge_14,0.00015303007
78,range_NValence,0.0001528591
1310,jml_adf2_58,0.00015250425
1714,crystal_system,0.0001518581
441,jml_first_ion_en_subs_atom_rad,0.0001512377
737,jml_mean_charge_142,0.00015117972
1377,jml_adf2_125,0.00015097996
676,jml_mean_charge_81,0.00015078373
508,jml_first_ion_en_mult_bp,0.0001492502
1056,jml_rdf_83,0.00014924927
1306,jml_adf2_54,0.0001490762
1317,jml_adf2_65,0.00014880217
1489,jml_ddf_58,0.00014857622
168,jml_voro_coord_subs_therm_cond,0.000148506
1717,point_group,0.00014829465
1673,jml_nn_63,0.00014757116
638,jml_mean_charge_43,0.00014595542
684,jml_mean_charge_89,0.00014587551
343,jml_mol_vol_divi_polzbl,0.00014554629
1301,jml_adf2_49,0.00014536527
646,jml_mean_charge_51,0.00014493986
1378,jml_adf2_126,0.00014458163
1372,jml_adf2_120,0.00014439039
1394,jml_adf2_142,0.00014366506
1630,jml_nn_20,0.0001434725
1070,jml_rdf_97,0.0001429213
1461,jml_ddf_30,0.00014272348
234,jml_op_eg,0.00014268019
1669,jml_nn_59,0.00014251965
485,jml_bp_mult_X,0.00014221125
922,jml_mean_charge_327,0.00014218963
1003,jml_rdf_30,0.00014202703
661,jml_mean_charge_66,0.00014163484
113,min_MeltingT,0.0001415345
440,jml_therm_cond_divi_voro_coord,0.00014130631
1371,jml_adf2_119,0.00014122238
835,jml_mean_charge_240,0.00014111934
490,jml_polzbl_subs_elec_aff,0.00014070224
433,jml_voro_coord_divi_atom_mass,0.0001404672
139,mode_Electronegativity,0.00014037183
1707,jml_nn_97,0.00014031066
371,jml_bp_divi_mp,0.00014008915
1324,jml_adf2_72,0.00013872141
1298,jml_adf2_46,0.00013867319
994,jml_rdf_21,0.0001386173
1581,jml_ddf_150,0.0001385123
1239,jml_adf1_166,0.00013840712
1510,jml_ddf_79,0.00013781335
261,jml_elec_aff_subs_X,0.0001377165
1696,jml_nn_86,0.000137503
1316,jml_adf2_64,0.00013639567
418,jml_C-28,0.00013637696
1285,jml_adf2_33,0.0001361129
473,jml_elec_aff,0.00013587088
1699,jml_nn_89,0.0001357349
1674,jml_nn_64,0.00013519834
1684,jml_nn_74,0.00013445574
1325,jml_adf2_73,0.00013434116
486,jml_therm_cond_divi_mp,0.00013405533
1692,jml_nn_82,0.0001336042
1195,jml_adf1_122,0.00013351734
1048,jml_rdf_75,0.00013333237
633,jml_mean_charge_38,0.00013234514
1369,jml_adf2_117,0.00013188567
135,mode_MeltingT,0.00013187827
1606,jml_ddf_175,0.00013145663
1319,jml_adf2_67,0.00013105692
1703,jml_nn_93,0.00013097147
393,jml_atom_mass_mult_therm_cond,0.00013089497
984,jml_rdf_11,0.00013051038
666,jml_mean_charge_71,0.00013024904
1414,jml_adf2_162,0.00012963869
1610,jml_ddf_179,0.00012922354
353,jml_atom_mass_divi_mol_vol,0.00012867076
1475,jml_ddf_44,0.00012839396
333,jml_mp_subs_atom_mass,0.00012838916
100,max_NValence,0.00012830061
644,jml_mean_charge_49,0.00012815009
725,jml_mean_charge_130,0.00012766742
318,jml_bp_divi_first_ion_en,0.00012739877
1568,jml_ddf_137,0.00012736273
1744,SumCrCoNi,0.00012709618
1454,jml_ddf_23,0.00012691243
1201,jml_adf1_128,0.00012672596
219,jml_hfus_subs_X,0.00012666149
1597,jml_ddf_166,0.00012656703
488,jml_atom_rad_divi_bp,0.00012558028
204,jml_therm_cond_subs_mp,0.00012525408
275,jml_hfus_mult_atom_mass,0.00012501884
415,jml_hfus_mult_mp,0.00012485708
1547,jml_ddf_116,0.00012474532
1457,jml_ddf_26,0.00012409147
1206,jml_adf1_133,0.00012403664
1577,jml_ddf_146,0.00012378927
748,jml_mean_charge_153,0.0001235931
669,jml_mean_charge_74,0.00012352118
1682,jml_nn_72,0.0001231334
366,jml_nsunfill,0.00012308081
1277,jml_adf2_25,0.00012306382
1658,jml_nn_48,0.00012294653
637,jml_mean_charge_42,0.00012288764
559,jml_atom_mass_divi_hfus,0.00012279439
167,jml_nfunfill,0.00012277717
675,jml_mean_charge_80,0.00012267202
799,jml_mean_charge_204,0.000121495956
1234,jml_adf1_161,0.00012127958
641,jml_mean_charge_46,0.000121264224
733,jml_mean_charge_138,0.0001212064
1512,jml_ddf_81,0.000120723416
554,jml_polzbl_add_X,0.000118857744
639,jml_mean_charge_44,0.00011871915
650,jml_mean_charge_55,0.000118262826
1175,jml_adf1_102,0.000117856645
1320,jml_adf2_68,0.00011775092
1709,jml_nn_99,0.00011761511
692,jml_mean_charge_97,0.00011650722
1693,jml_nn_83,0.000116194205
211,jml_atom_mass_divi_atom_rad,0.000116054434
1706,jml_nn_96,0.00011598013
751,jml_mean_charge_156,0.000115887124
1456,jml_ddf_25,0.00011580483
1594,jml_ddf_163,0.00011563444
1101,jml_adf1_28,0.000115625786
989,jml_rdf_16,0.000115490635
431,jml_bp_subs_atom_mass,0.000114849856
693,jml_mean_charge_98,0.00011484209
634,jml_mean_charge_39,0.00011454484
1467,jml_ddf_36,0.00011407441
467,jml_atom_rad_divi_first_ion_en,0.00011401508
1196,jml_adf1_123,0.00011395644
1379,jml_adf2_127,0.00011359943
1498,jml_ddf_67,0.0001135967
1097,jml_adf1_24,0.0001135662
963,jml_mean_charge_368,0.00011342257
507,jml_hfus_subs_elec_aff,0.00011316189
1157,jml_adf1_84,0.00011302974
1219,jml_adf1_146,0.00011232629
1508,jml_ddf_77,0.00011220958
62,dev_GSvolume_pa,0.00011220777
1419,jml_adf2_167,0.000111827794
1321,jml_adf2_69,0.00011149615
269,jml_bp_subs_therm_cond,0.00011113823
443,jml_atom_rad_add_X,0.000111074194
731,jml_mean_charge_136,0.000111059424
1701,jml_nn_91,0.00011087395
24,avg_AtomicWeight,0.000110594774
468,jml_elec_aff_mult_mol_vol,0.000110256165
580,jml_mol_vol_add_X,0.00011017525
865,jml_mean_charge_270,0.00011016844
1471,jml_ddf_40,0.0001096486
1573,jml_ddf_142,0.00010964207
1425,jml_adf2_173,0.000109550456
1535,jml_ddf_104,0.00010928618
1396,jml_adf2_144,0.000108830725
1111,jml_adf1_38,0.00010874921
1702,jml_nn_92,0.00010695153
212,jml_hfus_divi_atom_rad,0.0001067817
1135,jml_adf1_62,0.00010664337
1572,jml_ddf_141,0.00010662527
1326,jml_adf2_74,0.0001061446
1053,jml_rdf_80,0.000106113395
744,jml_mean_charge_149,0.00010569502
1069,jml_rdf_96,0.00010459879
982,jml_rdf_9,0.0001044007
1599,jml_ddf_168,0.00010428596
278,jml_first_ion_en_divi_hfus,0.00010393363
1564,jml_ddf_133,0.0001035091
1334,jml_adf2_82,0.000103484475
1509,jml_ddf_78,0.00010326232
1548,jml_ddf_117,0.000103093706
1453,jml_ddf_22,0.00010302528
1364,jml_adf2_112,0.00010245282
202,jml_mol_vol_divi_hfus,0.00010243505
1523,jml_ddf_92,0.000102418795
1363,jml_adf2_111,0.000102007994
1400,jml_adf2_148,0.00010128047
1367,jml_adf2_115,0.00010104946
1138,jml_adf1_65,0.00010092758
663,jml_mean_charge_68,0.000100870995
1370,jml_adf2_118,0.00010059884
1401,jml_adf2_149,0.00010005684
1407,jml_adf2_155,9.989033e-05
1141,jml_adf1_68,9.980514e-05
1337,jml_adf2_85,9.927946e-05
608,jml_mean_charge_13,9.907316e-05
670,jml_mean_charge_75,9.877795e-05
1209,jml_adf1_136,9.8586104e-05
1099,jml_adf1_26,9.841057e-05
1624,jml_nn_14,9.8282864e-05
1551,jml_ddf_120,9.825186e-05
1727,4d_frac,9.825157e-05
283,jml_atom_rad_subs_atom_mass,9.813637e-05
207,jml_atom_rad_divi_hfus,9.7921395e-05
819,jml_mean_charge_224,9.7861324e-05
251,jml_therm_cond_divi_atom_rad,9.785866e-05
1084,jml_adf1_11,9.712751e-05
664,jml_mean_charge_69,9.694689e-05
1094,jml_adf1_21,9.689145e-05
1670,jml_nn_60,9.642877e-05
1352,jml_adf2_100,9.625779e-05
567,jml_hfus_add_X,9.5931704e-05
75,range_NpValence,9.588804e-05
305,jml_X_subs_elec_aff,9.5694595e-05
1200,jml_adf1_127,9.532788e-05
1546,jml_ddf_115,9.5317766e-05
1005,jml_rdf_32,9.5170624e-05
606,jml_mean_charge_11,9.468309e-05
1584,jml_ddf_153,9.456553e-05
1514,jml_ddf_83,9.4292365e-05
1560,jml_ddf_129,9.3069255e-05
1463,jml_ddf_32,9.300233e-05
1012,jml_rdf_39,9.297806e-05
1229,jml_adf1_156,9.2750975e-05
1210,jml_adf1_137,9.265019e-05
1650,jml_nn_40,9.2559814e-05
1452,jml_ddf_21,9.202087e-05
469,jml_is_metalloid,9.1446316e-05
1582,jml_ddf_151,9.137566e-05
1103,jml_adf1_30,9.094902e-05
155,jml_hfus_add_bp,9.063592e-05
970,jml_mean_charge_375,9.062448e-05
1527,jml_ddf_96,9.047769e-05
1314,jml_adf2_62,9.035456e-05
528,jml_mp_subs_bp,8.9809146e-05
1318,jml_adf2_66,8.959493e-05
1313,jml_adf2_61,8.8329114e-05
574,jml_mop_eg,8.826653e-05
276,jml_hfus_divi_mol_vol,8.8092114e-05
474,jml_mp_divi_atom_rad,8.591331e-05
240,jml_first_ion_en_add_atom_mass,8.579674e-05
817,jml_mean_charge_222,8.557346e-05
1446,jml_ddf_15,8.5469655e-05
625,jml_mean_charge_30,8.533367e-05
1539,jml_ddf_108,8.524729e-05
1443,jml_ddf_12,8.504212e-05
1160,jml_adf1_87,8.420492e-05
1398,jml_adf2_146,8.4054904e-05
1562,jml_ddf_131,8.404711e-05
1499,jml_ddf_68,8.3941566e-05
1604,jml_ddf_173,8.33737e-05
1029,jml_rdf_56,8.283263e-05
1052,jml_rdf_79,8.2810475e-05
387,jml_polzbl_add_mol_vol,8.233052e-05
1168,jml_adf1_95,8.2224054e-05
561,jml_elec_aff_subs_hfus,8.207191e-05
1570,jml_ddf_139,8.1681326e-05
623,jml_mean_charge_28,8.1384045e-05
773,jml_mean_charge_178,8.1169164e-05
643,jml_mean_charge_48,8.071776e-05
277,jml_hfus_divi_polzbl,8.06646e-05
1549,jml_ddf_118,8.0399885e-05
702,jml_mean_charge_107,8.021776e-05
310,jml_polzbl_add_bp,8.018123e-05
1297,jml_adf2_45,8.0130405e-05
1486,jml_ddf_55,7.972342e-05
683,jml_mean_charge_88,7.9502446e-05
1437,jml_ddf_6,7.930748e-05
1283,jml_adf2_31,7.876775e-05
1590,jml_ddf_159,7.856825e-05
187,jml_first_ion_en_subs_hfus,7.7975994e-05
286,jml_mol_vol_mult_X,7.788955e-05
630,jml_mean_charge_35,7.774569e-05
1375,jml_adf2_123,7.73632e-05
1524,jml_ddf_93,7.687059e-05
1433,jml_ddf_2,7.677324e-05
1554,jml_ddf_123,7.6404904e-05
607,jml_mean_charge_12,7.620789e-05
1436,jml_ddf_5,7.608796e-05
1529,jml_ddf_98,7.593685e-05
493,jml_bp_add_therm_cond,7.590509e-05
1139,jml_adf1_66,7.511726e-05
707,jml_mean_charge_112,7.486504e-05
832,jml_mean_charge_237,7.4741874e-05
1339,jml_adf2_87,7.472197e-05
829,jml_mean_charge_234,7.448216e-05
1411,jml_adf2_159,7.438652e-05
1481,jml_ddf_50,7.434257e-05
1484,jml_ddf_53,7.409455e-05
1204,jml_adf1_131,7.3984345e-05
728,jml_mean_charge_133,7.376758e-05
599,jml_mean_charge_4,7.3653915e-05
1518,jml_ddf_87,7.365278e-05
656,jml_mean_charge_61,7.347456e-05
1526,jml_ddf_95,7.30209e-05
82,range_NfUnfilled,7.245847e-05
1360,jml_adf2_108,7.237959e-05
611,jml_mean_charge_16,7.235249e-05
1719,B,7.2211624e-05
1435,jml_ddf_4,7.218629e-05
1543,jml_ddf_112,7.202162e-05
1563,jml_ddf_132,7.177442e-05
1347,jml_adf2_95,7.139673e-05
730,jml_mean_charge_135,7.108615e-05
1179,jml_adf1_106,7.048461e-05
849,jml_mean_charge_254,7.0408794e-05
274,jml_mp_add_therm_cond,7.028255e-05
1455,jml_ddf_24,7.027395e-05
1608,jml_ddf_177,7.0163034e-05
635,jml_mean_charge_40,7.009857e-05
1469,jml_ddf_38,7.003456e-05
1235,jml_adf1_162,6.991428e-05
1505,jml_ddf_74,6.959113e-05
1304,jml_adf2_52,6.9411035e-05
614,jml_mean_charge_19,6.907038e-05
1515,jml_ddf_84,6.884272e-05
1647,jml_nn_37,6.862611e-05
778,jml_mean_charge_183,6.8294394e-05
186,jml_X_subs_mol_vol,6.8178306e-05
987,jml_rdf_14,6.815206e-05
931,jml_mean_charge_336,6.7729605e-05
613,jml_mean_charge_18,6.7532266e-05
301,jml_polzbl_subs_atom_mass,6.7242014e-05
621,jml_mean_charge_26,6.651882e-05
1557,jml_ddf_126,6.643298e-05
1081,jml_adf1_8,6.606628e-05
616,jml_mean_charge_21,6.5935594e-05
797,jml_mean_charge_202,6.587072e-05
1189,jml_adf1_116,6.57298e-05
736,jml_mean_charge_141,6.544083e-05
947,jml_mean_charge_352,6.462558e-05
687,jml_mean_charge_92,6.4609696e-05
1243,jml_adf1_170,6.458007e-05
1540,jml_ddf_109,6.3560765e-05
289,jml_atom_mass_subs_polzbl,6.289669e-05
252,jml_first_ion_en_subs_atom_mass,6.274959e-05
1496,jml_ddf_65,6.21871e-05
1541,jml_ddf_110,6.212922e-05
1472,jml_ddf_41,6.194527e-05
682,jml_mean_charge_87,6.184058e-05
620,jml_mean_charge_25,6.179605e-05
285,jml_voro_coord_subs_atom_mass,6.157007e-05
1332,jml_adf2_80,6.1178485e-05
272,jml_hfus_mult_atom_rad,6.110526e-05
1569,jml_ddf_138,6.0749204e-05
706,jml_mean_charge_111,6.0086393e-05
941,jml_mean_charge_346,5.972876e-05
1191,jml_adf1_118,5.965634e-05
1488,jml_ddf_57,5.946551e-05
1365,jml_adf2_113,5.9068367e-05
1583,jml_ddf_152,5.871023e-05
732,jml_mean_charge_137,5.865457e-05
1194,jml_adf1_121,5.8452995e-05
1555,jml_ddf_124,5.8174795e-05
1602,jml_ddf_171,5.810466e-05
674,jml_mean_charge_79,5.7891455e-05
1626,jml_nn_16,5.7590474e-05
1391,jml_adf2_139,5.70004e-05
1344,jml_adf2_92,5.60762e-05
1286,jml_adf2_34,5.5395387e-05
603,jml_mean_charge_8,5.527144e-05
691,jml_mean_charge_96,5.513729e-05
704,jml_mean_charge_109,5.4986314e-05
626,jml_mean_charge_31,5.4869826e-05
1448,jml_ddf_17,5.4844397e-05
1609,jml_ddf_178,5.4714626e-05
232,jml_elec_aff_subs_therm_cond,5.4518234e-05
1588,jml_ddf_157,5.4455482e-05
503,jml_mol_vol,5.443793e-05
619,jml_mean_charge_24,5.4408247e-05
1376,jml_adf2_124,5.4281634e-05
745,jml_mean_charge_150,5.4184093e-05
1208,jml_adf1_135,5.3376476e-05
1534,jml_ddf_103,5.262425e-05
27,avg_Row,5.2412495e-05
839,jml_mean_charge_244,5.2332634e-05
250,jml_mol_vol_subs_elec_aff,5.208223e-05
1397,jml_adf2_145,5.2031482e-05
768,jml_mean_charge_173,5.2011477e-05
1553,jml_ddf_122,5.149984e-05
856,jml_mean_charge_261,5.1397263e-05
893,jml_mean_charge_298,5.116341e-05
689,jml_mean_charge_94,5.1134557e-05
1504,jml_ddf_73,5.0912182e-05
1567,jml_ddf_136,5.0444698e-05
396,jml_first_ion_en_subs_mol_vol,5.042906e-05
355,jml_therm_cond_subs_voro_coord,5.0028917e-05
697,jml_mean_charge_102,4.9686456e-05
867,jml_mean_charge_272,4.9557442e-05
1621,jml_nn_11,4.8697613e-05
598,jml_mean_charge_3,4.8658185e-05
1152,jml_adf1_79,4.8187878e-05
1500,jml_ddf_69,4.7602713e-05
946,jml_mean_charge_351,4.7429214e-05
254,jml_mp_subs_mol_vol,4.726614e-05
112,min_AtomicWeight,4.7017267e-05
546,jml_mol_vol_divi_mp,4.6961184e-05
1442,jml_ddf_11,4.5771925e-05
1449,jml_ddf_18,4.543805e-05
1558,jml_ddf_127,4.511068e-05
98,max_NdValence,4.500459e-05
850,jml_mean_charge_255,4.4758483e-05
988,jml_rdf_15,4.465967e-05
122,min_NValence,4.45834e-05
678,jml_mean_charge_83,4.3730142e-05
449,jml_therm_cond_add_X,4.3066342e-05
216,jml_therm_cond_subs_atom_rad,4.258024e-05
713,jml_mean_charge_118,4.2208e-05
529,jml_hfus_add_mol_vol,4.205096e-05
1151,jml_adf1_78,4.167193e-05
741,jml_mean_charge_146,4.138966e-05
966,jml_mean_charge_371,4.081626e-05
131,min_SpaceGroupNumber,4.0414754e-05
1408,jml_adf2_156,4.027903e-05
1726,5d_frac,4.0089162e-05
708,jml_mean_charge_113,3.984866e-05
1255,jml_adf2_3,3.8724596e-05
774,jml_mean_charge_179,3.8264378e-05
1497,jml_ddf_66,3.8170525e-05
953,jml_mean_charge_358,3.7278667e-05
1603,jml_ddf_172,3.6735288e-05
1491,jml_ddf_60,3.638479e-05
372,jml_atom_rad_subs_mol_vol,3.6242538e-05
651,jml_mean_charge_56,3.618295e-05
1559,jml_ddf_128,3.5665053e-05
1545,jml_ddf_114,3.4117103e-05
596,jml_mean_charge_1,3.3994e-05
658,jml_mean_charge_63,3.3425214e-05
1468,jml_ddf_37,3.3333148e-05
1276,jml_adf2_24,3.3144992e-05
1478,jml_ddf_47,3.0497078e-05
755,jml_mean_charge_160,3.0045372e-05
652,jml_mean_charge_57,2.969959e-05
760,jml_mean_charge_165,2.9301267e-05
927,jml_mean_charge_332,2.8854356e-05
77,range_NfValence,2.8403298e-05
631,jml_mean_charge_36,2.7869051e-05
1561,jml_ddf_130,2.742122e-05
597,jml_mean_charge_2,2.7176928e-05
1502,jml_ddf_71,2.5424959e-05
1256,jml_adf2_4,2.5342837e-05
159,jml_atom_mass_subs_first_ion_en,2.5290281e-05
952,jml_mean_charge_357,2.360021e-05
1459,jml_ddf_28,2.3464396e-05
1580,jml_ddf_149,2.3222185e-05
823,jml_mean_charge_228,2.2157727e-05
1381,jml_adf2_129,2.1470518e-05
1464,jml_ddf_33,2.1248276e-05
752,jml_mean_charge_157,1.9366054e-05
1494,jml_ddf_63,1.9307536e-05
701,jml_mean_charge_106,1.7834851e-05
824,jml_mean_charge_229,1.4316343e-05
1516,jml_ddf_85,1.4217697e-05
1492,jml_ddf_61,1.4159171e-05
1550,jml_ddf_119,1.3228954e-05
1596,jml_ddf_165,1.2296864e-05
55,dev_NfValence,1.1997132e-05
260,jml_mol_vol_subs_X,1.18842845e-05
195,jml_elec_aff_add_atom_mass,1.1535131e-05
380,jml_hfus_add_first_ion_en,1.0963307e-05
930,jml_mean_charge_335,1.0882797e-05
160,jml_row,1.0147654e-05
242,jml_mol_vol_add_atom_mass,8.316123e-06
1506,jml_ddf_75,7.302471e-06
861,jml_mean_charge_266,6.4268756e-06
347,jml_bp_add_atom_rad,0.0
342,jml_is_lanthanoid,0.0
97,max_NpValence,0.0
326,jml_bp_subs_voro_coord,0.0
99,max_NfValence,0.0
143,mode_NfValence,0.0
96,max_NsValence,0.0
141,mode_NpValence,0.0
140,mode_NsValence,0.0
323,jml_X_subs_atom_mass,0.0
114,min_Column,0.0
349,jml_polzbl_subs_bp,0.0
93,max_Row,0.0
356,jml_atom_mass_subs_atom_rad,0.0
377,jml_mp_add_atom_rad,0.0
589,jml_therm_cond_subs_X,0.0
384,jml_atom_mass_subs_hfus,0.0
1566,jml_ddf_135,0.0
383,jml_C-26,0.0
381,jml_bp_subs_atom_rad,0.0
379,jml_bp_subs_mol_vol,0.0
378,jml_hfus_add_atom_mass,0.0
376,jml_first_ion_en_subs_mp,0.0
358,jml_polzbl_subs_mp,0.0
373,jml_bp_subs_hfus,0.0
365,jml_bp_add_voro_coord,0.0
158,jml_is_halogen,0.0
364,jml_voro_coord_subs_bp,0.0
363,jml_therm_cond_subs_polzbl,0.0
315,jml_mol_vol_subs_mp,0.0
151,mode_GSbandgap,0.0
319,jml_polzbl_add_mp,0.0
308,jml_elec_aff_add_mp,0.0
313,jml_mp_subs_first_ion_en,0.0
685,jml_mean_charge_90,0.0
119,min_NpValence,0.0
287,jml_hfus_subs_mp,0.0
102,max_NpUnfilled,0.0
284,jml_is_alkali,0.0
281,jml_polzbl_subs_X,0.0
690,jml_mean_charge_95,0.0
279,jml_elec_aff_subs_atom_mass,0.0
239,jml_first_ion_en_add_mp,0.0
694,jml_mean_charge_99,0.0
695,jml_mean_charge_100,0.0
696,jml_mean_charge_101,0.0
268,jml_atom_mass,0.0
698,jml_mean_charge_103,0.0
101,max_NsUnfilled,0.0
699,jml_mean_charge_104,0.0
291,jml_elec_aff_add_bp,0.0
294,jml_C-11,0.0
311,jml_hfus_add_polzbl,0.0
121,min_NfValence,0.0
115,min_Row,0.0
309,jml_is_noble_gas,0.0
79,range_NsUnfilled,0.0
303,jml_C-18,0.0
302,jml_C-19,0.0
130,min_GSmagmom,0.0
129,min_GSbandgap,0.0
126,min_NfUnfilled,0.0
124,min_NpUnfilled,0.0
104,max_NfUnfilled,0.0
123,min_NsUnfilled,0.0
298,jml_C-15,0.0
297,jml_C-16,0.0
296,jml_C-17,0.0
681,jml_mean_charge_86,0.0
388,jml_first_ion_en_add_bp,0.0
425,jml_C-23,0.0
389,jml_hfus_subs_therm_cond,0.0
85,range_GSbandgap,0.0
1623,jml_nn_13,0.0
1622,jml_nn_12,0.0
414,jml_atom_mass_add_atom_rad,0.0
1620,jml_nn_10,0.0
484,jml_mol_vol_add_therm_cond,0.0
1618,jml_nn_8,0.0
1617,jml_nn_7,0.0
1616,jml_nn_6,0.0
483,jml_hfus_subs_mol_vol,0.0
208,jml_mp,0.0
1615,jml_nn_5,0.0
1614,jml_nn_4,0.0
1613,jml_nn_3,0.0
1612,jml_nn_2,0.0
1611,jml_nn_1,0.0
405,jml_atom_rad_add_therm_cond,0.0
417,jml_elec_aff_add_therm_cond,0.0
465,jml_mp_subs_hfus,0.0
496,jml_bp_subs_X,0.0
447,jml_atom_rad_subs_mp,0.0
426,jml_C-20,0.0
430,jml_mp_subs_X,0.0
434,jml_atom_mass_subs_voro_coord,0.0
435,jml_hfus_add_therm_cond,0.0
224,jml_polzbl_add_atom_rad,0.0
437,jml_mp_subs_voro_coord,0.0
442,jml_atom_rad_subs_bp,0.0
423,jml_C-25,0.0
419,jml_C-29,0.0
422,jml_C-24,0.0
450,jml_atom_rad_subs_therm_cond,0.0
454,jml_elec_aff_subs_mol_vol,0.0
455,jml_nsvalence,0.0
458,jml_bp_subs_polzbl,0.0
700,jml_mean_charge_105,0.0
421,jml_C-27,0.0
487,jml_mp_subs_polzbl,0.0
107,max_GSbandgap,0.0
424,jml_C-22,0.0
226,jml_mol_vol_add_mp,0.0
1587,jml_ddf_156,0.0
534,jml_hfus_subs_atom_mass,0.0
172,jml_C-9,0.0
536,jml_first_ion_en_subs_therm_cond,0.0
539,jml_therm_cond,0.0
540,jml_bp_subs_first_ion_en,0.0
545,jml_hfus_subs_polzbl,0.0
391,jml_X_subs_bp,0.0
533,jml_polzbl_subs_first_ion_en,0.0
555,jml_is_alkaline,0.0
557,jml_first_ion_en_subs_bp,0.0
568,jml_hfus_add_mp,0.0
575,jml_X_subs_polzbl,0.0
582,jml_polzbl_subs_atom_rad,0.0
585,jml_mp_subs_atom_rad,0.0
586,jml_X_subs_mp,0.0
176,jml_C-5,0.0
532,jml_X_subs_therm_cond,0.0
248,jml_polzbl,0.0
517,jml_bp,0.0
403,jml_hfus_subs_first_ion_en,0.0
505,jml_atom_mass_subs_elec_aff,0.0
513,jml_mp_add_X,0.0
514,jml_elec_aff_subs_bp,0.0
402,jml_is_actinoid,0.0
399,jml_hfus_subs_bp,0.0
178,jml_C-3,0.0
519,jml_elec_aff_subs_mp,0.0
397,jml_polzbl_add_elec_aff,0.0
520,jml_C-31,0.0
521,jml_C-30,0.0
522,jml_C-33,0.0
523,jml_C-32,0.0
525,jml_C-34,0.0
1593,jml_ddf_162,0.0
1592,jml_ddf_161,0.0
587,jml_atom_mass_subs_X,0.0
738,jml_mean_charge_143,0.0
703,jml_mean_charge_108,0.0
909,jml_mean_charge_314,0.0
1330,jml_adf2_78,0.0
898,jml_mean_charge_303,0.0
899,jml_mean_charge_304,0.0
900,jml_mean_charge_305,0.0
902,jml_mean_charge_307,0.0
903,jml_mean_charge_308,0.0
904,jml_mean_charge_309,0.0
905,jml_mean_charge_310,0.0
906,jml_mean_charge_311,0.0
907,jml_mean_charge_312,0.0
908,jml_mean_charge_313,0.0
910,jml_mean_charge_315,0.0
896,jml_mean_charge_301,0.0
911,jml_mean_charge_316,0.0
912,jml_mean_charge_317,0.0
913,jml_mean_charge_318,0.0
914,jml_mean_charge_319,0.0
915,jml_mean_charge_320,0.0
916,jml_mean_charge_321,0.0
917,jml_mean_charge_322,0.0
918,jml_mean_charge_323,0.0
919,jml_mean_charge_324,0.0
920,jml_mean_charge_325,0.0
921,jml_mean_charge_326,0.0
897,jml_mean_charge_302,0.0
892,jml_mean_charge_297,0.0
926,jml_mean_charge_331,0.0
878,jml_mean_charge_283,0.0
864,jml_mean_charge_269,0.0
866,jml_mean_charge_271,0.0
868,jml_mean_charge_273,0.0
869,jml_mean_charge_274,0.0
870,jml_mean_charge_275,0.0
871,jml_mean_charge_276,0.0
872,jml_mean_charge_277,0.0
74,range_NsValence,0.0
874,jml_mean_charge_279,0.0
875,jml_mean_charge_280,0.0
877,jml_mean_charge_282,0.0
879,jml_mean_charge_284,0.0
891,jml_mean_charge_296,0.0
880,jml_mean_charge_285,0.0
881,jml_mean_charge_286,0.0
882,jml_mean_charge_287,0.0
883,jml_mean_charge_288,0.0
884,jml_mean_charge_289,0.0
885,jml_mean_charge_290,0.0
886,jml_mean_charge_291,0.0
887,jml_mean_charge_292,0.0
888,jml_mean_charge_293,0.0
889,jml_mean_charge_294,0.0
890,jml_mean_charge_295,0.0
924,jml_mean_charge_329,0.0
928,jml_mean_charge_333,0.0
705,jml_mean_charge_110,0.0
968,jml_mean_charge_373,0.0
1265,jml_adf2_13,0.0
1264,jml_adf2_12,0.0
1263,jml_adf2_11,0.0
959,jml_mean_charge_364,0.0
960,jml_mean_charge_365,0.0
1260,jml_adf2_8,0.0
961,jml_mean_charge_366,0.0
962,jml_mean_charge_367,0.0
964,jml_mean_charge_369,0.0
965,jml_mean_charge_370,0.0
967,jml_mean_charge_372,0.0
971,jml_mean_charge_376,0.0
957,jml_mean_charge_362,0.0
972,jml_mean_charge_377,0.0
973,jml_mean_charge_378,0.0
974,jml_rdf_1,0.0
975,jml_rdf_2,0.0
976,jml_rdf_3,0.0
977,jml_rdf_4,0.0
978,jml_rdf_5,0.0
979,jml_rdf_6,0.0
980,jml_rdf_7,0.0
981,jml_rdf_8,0.0
985,jml_rdf_12,0.0
958,jml_mean_charge_363,0.0
956,jml_mean_charge_361,0.0
929,jml_mean_charge_334,0.0
942,jml_mean_charge_347,0.0
118,min_NsValence,0.0
932,jml_mean_charge_337,0.0
934,jml_mean_charge_339,0.0
935,jml_mean_charge_340,0.0
936,jml_mean_charge_341,0.0
937,jml_mean_charge_342,0.0
938,jml_mean_charge_343,0.0
939,jml_mean_charge_344,0.0
940,jml_mean_charge_345,0.0
1290,jml_adf2_38,0.0
1289,jml_adf2_37,0.0
943,jml_mean_charge_348,0.0
955,jml_mean_charge_360,0.0
944,jml_mean_charge_349,0.0
945,jml_mean_charge_350,0.0
948,jml_mean_charge_353,0.0
949,jml_mean_charge_354,0.0
1279,jml_adf2_27,0.0
1278,jml_adf2_26,0.0
950,jml_mean_charge_355,0.0
951,jml_mean_charge_356,0.0
1273,jml_adf2_21,0.0
954,jml_mean_charge_359,0.0
1270,jml_adf2_18,0.0
863,jml_mean_charge_268,0.0
862,jml_mean_charge_267,0.0
860,jml_mean_charge_265,0.0
772,jml_mean_charge_177,0.0
758,jml_mean_charge_163,0.0
759,jml_mean_charge_164,0.0
1462,jml_ddf_31,0.0
761,jml_mean_charge_166,0.0
762,jml_mean_charge_167,0.0
764,jml_mean_charge_169,0.0
765,jml_mean_charge_170,0.0
766,jml_mean_charge_171,0.0
767,jml_mean_charge_172,0.0
769,jml_mean_charge_174,0.0
770,jml_mean_charge_175,0.0
775,jml_mean_charge_180,0.0
756,jml_mean_charge_161,0.0
776,jml_mean_charge_181,0.0
779,jml_mean_charge_184,0.0
780,jml_mean_charge_185,0.0
781,jml_mean_charge_186,0.0
1441,jml_ddf_10,0.0
782,jml_mean_charge_187,0.0
783,jml_mean_charge_188,0.0
784,jml_mean_charge_189,0.0
785,jml_mean_charge_190,0.0
786,jml_mean_charge_191,0.0
787,jml_mean_charge_192,0.0
757,jml_mean_charge_162,0.0
1470,jml_ddf_39,0.0
859,jml_mean_charge_264,0.0
724,jml_mean_charge_129,0.0
1517,jml_ddf_86,0.0
709,jml_mean_charge_114,0.0
710,jml_mean_charge_115,0.0
711,jml_mean_charge_116,0.0
712,jml_mean_charge_117,0.0
715,jml_mean_charge_120,0.0
716,jml_mean_charge_121,0.0
717,jml_mean_charge_122,0.0
719,jml_mean_charge_124,0.0
720,jml_mean_charge_125,0.0
721,jml_mean_charge_126,0.0
726,jml_mean_charge_131,0.0
754,jml_mean_charge_159,0.0
729,jml_mean_charge_134,0.0
734,jml_mean_charge_139,0.0
739,jml_mean_charge_144,0.0
740,jml_mean_charge_145,0.0
742,jml_mean_charge_147,0.0
743,jml_mean_charge_148,0.0
746,jml_mean_charge_151,0.0
747,jml_mean_charge_152,0.0
749,jml_mean_charge_154,0.0
750,jml_mean_charge_155,0.0
753,jml_mean_charge_158,0.0
788,jml_mean_charge_193,0.0
789,jml_mean_charge_194,0.0
790,jml_mean_charge_195,0.0
843,jml_mean_charge_248,0.0
827,jml_mean_charge_232,0.0
828,jml_mean_charge_233,0.0
831,jml_mean_charge_236,0.0
833,jml_mean_charge_238,0.0
834,jml_mean_charge_239,0.0
836,jml_mean_charge_241,0.0
837,jml_mean_charge_242,0.0
838,jml_mean_charge_243,0.0
840,jml_mean_charge_245,0.0
841,jml_mean_charge_246,0.0
842,jml_mean_charge_247,0.0
844,jml_mean_charge_249,0.0
791,jml_mean_charge_196,0.0
845,jml_mean_charge_250,0.0
846,jml_mean_charge_251,0.0
847,jml_mean_charge_252,0.0
848,jml_mean_charge_253,0.0
851,jml_mean_charge_256,0.0
852,jml_mean_charge_257,0.0
853,jml_mean_charge_258,0.0
854,jml_mean_charge_259,0.0
855,jml_mean_charge_260,0.0
857,jml_mean_charge_262,0.0
858,jml_mean_charge_263,0.0
826,jml_mean_charge_231,0.0
825,jml_mean_charge_230,0.0
1404,jml_adf2_152,0.0
822,jml_mean_charge_227,0.0
792,jml_mean_charge_197,0.0
794,jml_mean_charge_199,0.0
795,jml_mean_charge_200,0.0
796,jml_mean_charge_201,0.0
798,jml_mean_charge_203,0.0
800,jml_mean_charge_205,0.0
801,jml_mean_charge_206,0.0
802,jml_mean_charge_207,0.0
804,jml_mean_charge_209,0.0
805,jml_mean_charge_210,0.0
806,jml_mean_charge_211,0.0
807,jml_mean_charge_212,0.0
808,jml_mean_charge_213,0.0
809,jml_mean_charge_214,0.0
810,jml_mean_charge_215,0.0
811,jml_mean_charge_216,0.0
812,jml_mean_charge_217,0.0
813,jml_mean_charge_218,0.0
814,jml_mean_charge_219,0.0
815,jml_mean_charge_220,0.0
816,jml_mean_charge_221,0.0
820,jml_mean_charge_225,0.0
821,jml_mean_charge_226,0.0
873,jml_mean_charge_278,0.0
